author;revision;;Count of Day;Number of days;date;date;time;Count of Date;Number of Date;number_of_lines;;comment;;;;;
Thomas;r1551925;Friday;;;27/11/2015;Nov;16:57:44;July ;102.00;1;1;Renamed folder to the correct name;;;;;
Thomas;r1551575;Friday;;;27/11/2015;Nov;09:46:32;Aug;83.00;1;1;Removed unused webview.plan.management and webview_plan_management properties;;;;;
Vincent;r1551569;Friday;;;27/11/2015;Nov;09:38:09;Sept;44.00;1;1;enable all clients;;;;;
Thomas;r1551558;Friday;;;27/11/2015;Nov;09:13:26;Oct;97.00;1;1;Chnaged jira url to htps;;;;;
/OU=Domain Control Validated/CN=svn.company.net;r1551504;Friday;;;27/11/2015;Nov;07:05:41;Nov;95.00;1;1;[gradle-release] prepare for next development iteration;;;;;
Vincent;r1551486;Friday;;;27/11/2015;Nov;06:10:10;;;1;1;SFR-108 : preparing release for SFR;;;;;
Vincent;r1551485;Friday;;;27/11/2015;Nov;06:06:30;;;1;1;SFR-108 : 1.buddy sync removed from settings. 2. italics text corrected.;;;;;
Vincent;r1551375;Thursday;;;26/11/2015;Nov;15:01:51;;;1;1;SFR-108 : androidM related strings added.;;;;;
Vincent;r1551347;Thursday;;;26/11/2015;Nov;14:35:32;;;1;1;SFR-108 : removed unnecessary layouts which were copy-pasted from amx. They were enabling help_footer;;;;;
Vincent;r1551334;Thursday;;;26/11/2015;Nov;14:20:12;;;1;1;SFR-108 : using WL base & snc urls;;;;;
Vincent;r1551332;Thursday;;;26/11/2015;Nov;14:17:48;;;4;1;SFR-108 : Create bilingual French/English translated Android application for SFR ----------- contact-sync enabled correctly. ;;;;;
Vincent;r1551313;Thursday;;;26/11/2015;Nov;13:58:15;;;4;1;SFR-108 : Create bilingual French/English translated Android application for SFR ----------- contact-sync disabled. It was not a correct way. ;;;;;
Thomas;r1551307;Thursday;;;26/11/2015;Nov;13:48:29;;;1;1;Removed AMX specific layouts.;;;;;
Vincent;r1551294;Thursday;;;26/11/2015;Nov;13:30:16;;;4;1;SFR-108 : Help Foother can be configured by enable_help_footer. for SFR it is disabled.  ;;;;;
Vincent;r1551249;Thursday;;;26/11/2015;Nov;12:16:06;;;5;1;SFR-108 : Create bilingual French/English translated Android application for SFR ----------- contact-sync enabled.  ;;;;;
Vincent;r1551248;Thursday;;;26/11/2015;Nov;12:15:26;;;5;1;SFR-108 : Create bilingual French/English translated Android application for SFR ----------- reverted --> actionbar color & background  ;;;;;
Thomas;r1551105;Thursday;;;26/11/2015;Nov;09:17:08;;;1;1;FTRPC-393: Frontier - Still receiving push notification even when Notifications is off from app settings.;;;;;
Vincent;r1551061;Thursday;;;26/11/2015;Nov;07:33:33;;;3;1;SFR-108 : Create bilingual French/English translated Android application for SFR ----------- actionbar color & background;;;;;
Thomas;r1550863;Wednesday;;;25/11/2015;Nov;16:42:06;;;1;1;Changed cloudsdkVersion to '1.0.22.10';;;;;
Thomas;r1550724;Wednesday;;;25/11/2015;Nov;14:17:42;;;1;1;Changed jira url to https;;;;;
Thomas;r1550591;Wednesday;;;25/11/2015;Nov;11:29:15;;;3;1;"Reverted back: FTRPC-500: Frontier Android || Inconsistencey in My Activity screen Client used systemAttribute name=""Creation-Date"" instead of versionCreated as version created.";;;;;
Thomas;r1550580;Wednesday;;;25/11/2015;Nov;11:15:27;;;1;1;Updated splashscreen to re use grphc_pcloud_logo image instead of splash_logo;;;;;
Thomas;r1550503;Wednesday;;;25/11/2015;Nov;09:26:22;;;1;1;Changed splash screen as requested;;;;;
Vincent;r1550097;Tuesday;;;24/11/2015;Nov;14:41:53;;;3;1;"SFR-108 : Create bilingual French/English translated Android application for SFR ----------- three dots. ""...""";;;;;
Thomas;r1550089;Tuesday;;;24/11/2015;Nov;14:28:19;;;2;1;"FTRPC-500: Frontier Android || Inconsistencey in My Activity screen Client used systemAttribute name=""Creation-Date"" instead of versionCreated as version created.";;;;;
Vincent;r1550060;Tuesday;;;24/11/2015;Nov;13:58:25;;;4;1;"SFR-108 : Create bilingual French/English translated Android application for SFR ----------- 1) strings-array fixed 2) ""AMX Cloud"" replaced by ""SFR Cloud""";;;;;
Vincent;r1550046;Tuesday;;;24/11/2015;Nov;13:42:26;;;4;1;SFR-108 : Create bilingual French/English translated Android application for SFR ----------- 1) added text & assets from ux branch 2) fixed compilation errors.;;;;;
Thomas;r1549398;Monday;;;23/11/2015;Nov;16:32:45;;;1;1;Updated jira port number to 8443;;;;;
/OU=Domain Control Validated/CN=svn.company.net;r1549355;Monday;;;23/11/2015;Nov;15:34:21;;;1;1;[gradle-release] prepare for next development iteration;;;;;
Thomas;r1549331;Monday;;;23/11/2015;Nov;15:20:49;;;1;1;FTRPC-497: Frontier Android || Difference in the branding icon in push notifications;;;;;
Jimmy;r1549294;Monday;;;23/11/2015;Nov;15:02:18;;;2;1;New contacts nab version Homescreen update;;;;;
Thomas;r1549111;Monday;;;23/11/2015;Nov;11:46:06;;;1;1;Fix crash on the boot complete;;;;;
Vincent;r1548946;Monday;;;23/11/2015;Nov;05:50:12;;;5;1;FTRPC-304 : Frontier - Default Backups Settings to be ON --------------- instant upload was enabled for all data classes by vivek. Instant upload only for Contacts and Photos will be ON. ;;;;;
Thomas;r1548632;Friday;;;20/11/2015;Nov;16:36:17;;;1;1;FTRPC-309: Frontier - Report Abuse is ON;;;;;
Thomas;r1548595;Friday;;;20/11/2015;Nov;15:43:36;;;1;1;Put dontwarn for android.provider.** to fix snapshot build;;;;;
Thomas;r1548398;Friday;;;20/11/2015;Nov;13:06:04;;;1;1;Enabled com.android.support:support-v4-internal_impl;;;;;
Thomas;r1548384;Friday;;;20/11/2015;Nov;12:57:08;;;1;1;FTRPC-381: Add Android M Support to Handset Client;;;;;
Thomas;r1548364;Friday;;;20/11/2015;Nov;12:42:14;;;2;1;FTRPC-381: Add Android M Support to Handset Client Copying resouces from att-m branch;;;;;
Thomas;r1548358;Friday;;;20/11/2015;Nov;12:40:31;;;2;1;FTRPC-381: Add Android M Support to Handset Client Copying resources from att-m branch;;;;;
Thomas;r1548357;Friday;;;20/11/2015;Nov;12:39:03;;;2;1;FTRPC-381: Add Android M Support to Handset Client Copying resources from att-m branch;;;;;
Thomas;r1548355;Friday;;;20/11/2015;Nov;12:37:26;;;2;1;FTRPC-381: Add Android M Support to Handset Client Copying resources from att-m;;;;;
Thomas;r1548352;Friday;;;20/11/2015;Nov;12:35:47;;;2;1;FTRPC-381: Add Android M Support to Handset Client Copying resources from att-m branch;;;;;
Thomas;r1548350;Friday;;;20/11/2015;Nov;12:33:51;;;2;1;FTRPC-381: Add Android M Support to Handset Client Copy resources from att-m branch;;;;;
Thomas;r1548342;Friday;;;20/11/2015;Nov;12:28:01;;;2;1;FTRPC-381: Add Android M Support to Handset Client Moving ui/permission classes from at-m branch;;;;;
Thomas;r1548336;Friday;;;20/11/2015;Nov;12:26:32;;;2;1;FTRPC-381: Add Android M Support to Handset Client Moving model/permission classes from att-m branch;;;;;
/OU=Domain Control Validated/CN=svn.company.net;r1547894;Thursday;;;19/11/2015;Nov;16:41:58;;;1;1;[gradle-release] prepare for next development iteration;;;;;
Freddie;r1547749;Thursday;;;19/11/2015;Nov;13:53:23;;;2;1;- fix a mime-type issue when uploading a file - use the latest Cloud SDK 1.0.8 branch version to fix issues with upload not resuming + send the Creation-Date attribute at DV-Attach phase (if provided);;;;;
Jimmy;r1547748;Thursday;;;19/11/2015;Nov;13:51:15;;;1;1;Enabled all modules;;;;;
Jimmy;r1547738;Thursday;;;19/11/2015;Nov;13:35:41;;;1;1;FTRPC-191 - Removed call logs and messages from home screen rendering;;;;;
Jimmy;r1547683;Thursday;;;19/11/2015;Nov;12:26:49;;;1;1;Homescreen merge from at&t branch;;;;;
Vincent;r1547493;Thursday;;;19/11/2015;Nov;06:31:05;;;4;1;FTRPC-304 : Frontier - Default Backups Settings to be ON --------------- +Instant upload for Contacts and Photos will be ON. ;;;;;
Vincent;r1546917;Wednesday;;;18/11/2015;Nov;09:06:34;;;3;1;FTRPC-336 : Frontier Android || TV beaming option does not appear inspite of cast receivers available ----------- chrome_cast_support_feature= true. enabled on Frontier.;;;;;
/OU=Domain Control Validated/CN=svn.company.net;r1546493;Tuesday;;;17/11/2015;Nov;15:38:50;;;1;1;[gradle-release] prepare for next development iteration;;;;;
Vincent;r1546460;Tuesday;;;17/11/2015;Nov;14:56:49;;;3;1;FTRPC-416 : [FTR Android Client]Android Prod Build is pointed to API server ------------- reverted changes of Revision: 1545628;;;;;
Thomas;r1546414;Tuesday;;;17/11/2015;Nov;14:09:45;;;7;1;Merged from android-15.2-solutions-att-m PHONE-2017: PHONE-2019: Android - Timeline Search in Month Folder Merged from trunk: ANDINTL-3373: 15.2 | 15.2.30 | PC Home Screen | Search functionality is not working within the Timeline Month Folders [from revision 1543798] PHONE-2061: Phone 2.0 - Favorited Documents is not showing up under favorite tile. [from revision 1544784] PHONE-2082: Phone - Cannot unfav a doc from documents view Merged from trunk: ANDINTL-3420 Ability to unfavorite files on mobile [from revision 1545058] Fixed FTRPC-410: Frontier - Favorited Documents is not showing up under favorite tile.;;;;;
/OU=Domain Control Validated/CN=svn.company.net;r1545714;Monday;;;16/11/2015;Nov;15:35:27;;;1;1;[gradle-release] prepare for next development iteration;;;;;
Jimmy;r1545674;Monday;;;16/11/2015;Nov;14:47:41;;;1;1;Reverted to older cloud sdk;;;;;
Jimmy;r1545670;Monday;;;16/11/2015;Nov;14:40:00;;;1;1;Reverted to older cloud sdk;;;;;
Jimmy;r1545663;Monday;;;16/11/2015;Nov;14:35:39;;;1;1;Changed minSDK;;;;;
Jimmy;r1545657;Monday;;;16/11/2015;Nov;14:30:47;;;1;1;Dropped SDK version;;;;;
Jimmy;r1545652;Monday;;;16/11/2015;Nov;14:26:50;;;1;1;UPdated;;;;;
Jimmy;r1545628;Monday;;;16/11/2015;Nov;13:45:04;;;1;1;Added sfr module;;;;;
Dave;r1544560;Thursday;;;12/11/2015;Nov;20:10:20;;;1;1;fix the build for the jacoco agent warnings;;;;;
Jimmy;r1544422;Thursday;;;12/11/2015;Nov;15:48:11;;;1;1;FRT only;;;;;
Jimmy;r1544421;Thursday;;;12/11/2015;Nov;15:47:49;;;1;1;Fixed unit test;;;;;
Jimmy;r1544404;Thursday;;;12/11/2015;Nov;15:31:13;;;1;1;Fixed unit test;;;;;
Jimmy;r1544362;Thursday;;;12/11/2015;Nov;14:37:08;;;1;1;Modified test;;;;;
Jimmy;r1544360;Thursday;;;12/11/2015;Nov;14:31:35;;;1;1;Modified test;;;;;
Jimmy;r1544350;Thursday;;;12/11/2015;Nov;14:27:36;;;1;1;Modified app Target version;;;;;
Jimmy;r1544342;Thursday;;;12/11/2015;Nov;14:16:04;;;1;1;FTRPC-119;;;;;
Jimmy;r1544339;Thursday;;;12/11/2015;Nov;14:11:02;;;1;1;FTRPC-119;;;;;
Thomas;r1544282;Thursday;;;12/11/2015;Nov;11:44:34;;;3;1;Merged from android-15.2-solutions-att-m PHONE-2017: PHONE-2019: Android - Timeline Search in Month Folder Merged from trunk: ANDINTL-3373: 15.2 | 15.2.30 | PC Home Screen | Search functionality is not working within the Timeline Month Folders [from revision 1543798];;;;;
Thomas;r1544253;Thursday;;;12/11/2015;Nov;10:32:06;;;2;1;Merged from android-15.2-solutions-att-m PHONE-2008: Phone 2.0 - Photos/ Songs/ Documents fonts should be bold on home screen. [from revision 1543831];;;;;
Thomas;r1544250;Thursday;;;12/11/2015;Nov;10:27:58;;;5;1;Merged from android-15.2-solutions-att-m PHONE-2035: Android M - After deleting a photo from the album; photos count does not match the number displayed on the albums page Merged: ANDINTL-3667: 15.3:Album count is not getting updated after we delete all photos [from revision 1544231]Merged from android-15.2-solutions-att-m PHONE-2035: Android M - After deleting a photo from the album; photos count does not match the number displayed on the albums page Merged: ANDINTL-3667: 15.3:Album count is not getting updated after we delete all photos [from revision 1544231];;;
Vincent;r1541334;Thursday;;;05/11/2015;Nov;16:31:34;;;5;1;FTRPC-337 : Frontier - Sim Contacts Import - DisabledFTRPC- --------------- frontier configured with enable_sim_contacts_import = false. default value of this varibale is true for all projects. ;;;;;
Vincent;r1540927;Wednesday;;;04/11/2015;Nov;20:47:04;;;4;1;FTRPC-304 : Frontier - Default Backups Settings to be ON --------------- configured with enable_select_all_data_classes_initially = true default value of this varibale is false for all projects.;;;;;
Vincent;r1540926;Wednesday;;;04/11/2015;Nov;20:34:30;;;5;1;FTRPC-332 : Content anywhere crashes ---------------- Seems like;" it is a device specific issue. There is no ""Content Anywhere"" account created in [android device --> settings --> accounts --> Content Anywhere]. I have fixed ArrayIndexoutOfBounds issue. No_Sync issue is still there.";;;;
Vincent;r1540834;Wednesday;;;04/11/2015;Nov;16:37:55;;;3;1;FTRPC-309 : Frontier - Report Abuse is ON ---------------- report abuse is disabled for Frontier android client.;;;;;
Vincent;r1540809;Wednesday;;;04/11/2015;Nov;16:15:14;;;3;1;FTRPC-303: Frontier - Invitation is ON -------------- invitation is now disabled on Frontier android.;;;;;
Jimmy;r1540172;Tuesday;;;03/11/2015;Nov;14:59:39;;;1;1;Enabled all clients;;;;;
/OU=Domain Control Validated/CN=svn.company.net;r1540168;Tuesday;;;03/11/2015;Nov;14:50:34;;;1;1;[gradle-release] prepare for next development iteration;;;;;
Jimmy;r1540148;Tuesday;;;03/11/2015;Nov;14:35:14;;;1;1;Frontier;;;;;
Jimmy;r1539956;Tuesday;;;03/11/2015;Nov;10:32:49;;;1;1;Added carriage return;;;;;
Thomas;r1539933;Tuesday;;;03/11/2015;Nov;09:59:13;;;1;1;Return imports;;;;;
Thomas;r1539930;Tuesday;;;03/11/2015;Nov;09:57:23;;;1;1;PHONE-1855: Phone - Android Prod Cannot Switch Account;;;;;
ajon0002;r1539664;Monday;;;02/11/2015;Nov;15:15:35;;;1;1;add string widget_header_update_text; containing generic update message for HomeScreenWidget ViewFlipper TextView.;;;;
ajon0002;r1539662;Monday;;;02/11/2015;Nov;15:13:19;;;6;1;Add private List<Count> countsDelta. Add constructor with Matrix parameter. Add getter and setter for countsDelta.  New constructor calls existing constructor; plus populates countsDelta. TODO is to hold counts delta per Count.type; instead of in a List; as this is last stop for delta before passing to Intent; which must be as Strings; so do the iterating here.
ajon0002;r1539659;Monday;;;02/11/2015;Nov;15:09:41;;;3;1;Add private List<Count> countsDelta. Populated from CountsMerge.delta on Matrix.updateMediaType call. Holds delta on Counts between this matrix and previous matrix.;;;;;
ajon0002;r1539656;Monday;;;02/11/2015;Nov;15:06:09;;;4;1;"Add logic onUpdate such that visibility of placeholder logo and viewflipper are toggled. ViewFlipper flips every 5 seconds between logo and update message (""New content..."")/ After 60s visibility of the VF and placeholder logo are reversed";" stopping the animation. TODO: switch generic update message to ""X new photos";" Y new files..."" from Matrix delta.";;;
ajon0002;r1539654;Monday;;;02/11/2015;Nov;15:02:56;;;2;1;Add DELTA contstants such that Intent sent to HomeScreenWidget can hold delta counts for widet update message. These are not currently used.;;;;;
ajon0002;r1539651;Monday;;;02/11/2015;Nov;15:00:59;;;1;1;Make HomeScreenWidget vertically resizeable.;;;;;
ajon0002;r1539648;Monday;;;02/11/2015;Nov;15:00:06;;;2;1;Add placeholder ImageView; containing operator logo and invisible ViewFlipper. VF containts logo and TextView for update msg. Visibility toggled on update.;;;;
ajon0002;r1539645;Monday;;;02/11/2015;Nov;14:58:00;;;2;1;Reinstate sendBroadcast; called in notifyOnUpdate. Initialises ACTION_UPDATE_COUNT intent and sends broadcast for HomeScreenWidget.;;;;
ajon0002;r1539640;Monday;;;02/11/2015;Nov;14:55:02;;;3;1;Add private ArrayList<Count> delta to store difference between incoming and in memory counts. Add setter updateDelta; called in append method. Add getter for delta.;;;;
Thomas;r1539452;Monday;;;02/11/2015;Nov;11:38:15;;;1;1;AMXPC-22: Incorporate new In-App Purchase Flows into Titans Android 15.2 client for Titans;;;;;
Thomas;r1539443;Monday;;;02/11/2015;Nov;11:32:59;;;1;1;Changed to the frontier prod endpoints;;;;;
Thomas;r1539019;Friday;;;30/10/2015;Oct;16:07:02;;;1;1;Disabled buddy sync for amx cient;;;;;
Thomas;r1538990;Friday;;;30/10/2015;Oct;15:30:32;;;1;1;Removed default settings;;;;;
Jimmy;r1538828;Friday;;;30/10/2015;Oct;12:22:31;;;1;1;Homescreen merge;;;;;
Thomas;r1538795;Friday;;;30/10/2015;Oct;11:13:31;;;1;1;Set up dev and prod to amxpc labs;;;;;
Thomas;r1538793;Friday;;;30/10/2015;Oct;11:09:24;;;1;1;Set up qa to amxpc-api;;;;;
Thomas;r1538454;Thursday;;;29/10/2015;Oct;15:24:47;;;2;1;"Updated cloudsdkVersion to '1.0.8.25' PHONE-1759: Error ""WiFi Connection is Lost"" during initial backup while connected to WiFi";;;;;
Thomas;r1538444;Thursday;;;29/10/2015;Oct;15:13:29;;;1;1;FTRPC-160: Frontier Android || Favorite icon is not shown for some of the PDF files;;;;;
Thomas;r1538425;Thursday;;;29/10/2015;Oct;14:49:23;;;1;1;Fixed typo;;;;;
Thomas;r1538416;Thursday;;;29/10/2015;Oct;14:38:14;;;1;1;Fixed typo;;;;;
Thomas;r1538410;Thursday;;;29/10/2015;Oct;14:30:41;;;2;1;FTRPC-153: Frontier Android Tablet || User able to create dupliacte albums with same name Merged from main line: Fixed ANDINTL-3815 User is able to create two or more albums with the same name.;;;;;
Thomas;r1538393;Thursday;;;29/10/2015;Oct;13:55:08;;;1;1;FTRPC-201: Frontier Android || Contextual menu options positions changing when selecting the files;;;;;
Thomas;r1538367;Thursday;;;29/10/2015;Oct;13:12:13;;;1;1;Remove empty dirs;;;;;
Thomas;r1538359;Thursday;;;29/10/2015;Oct;13:03:24;;;1;1;"FTRPC-152: Frontier Android Tablet || ""Available Offline"" is been displayed when user multi select time line photos(select Monts)";;;;;
Thomas;r1538288;Thursday;;;29/10/2015;Oct;11:30:26;;;1;1;Removed qa_wl builds;;;;;
Thomas;r1538283;Thursday;;;29/10/2015;Oct;11:25:18;;;1;1;FTRPC-133: Frontier Android || User doesn't recieves a notification when a a file is shared with them;;;;;
Jimmy;r1538264;Thursday;;;29/10/2015;Oct;10:59:57;;;1;1;BTPC-70;;;;;
Jimmy;r1538234;Thursday;;;29/10/2015;Oct;10:05:43;;;1;1;FTRPC-191;;;;;
Thomas;r1538198;Thursday;;;29/10/2015;Oct;08:46:06;;;1;1;Moved id splash_parent to ids.xml;;;;;
Thomas;r1537920;Wednesday;;;28/10/2015;Oct;15:10:05;;;2;1;FTRPC-55: Incorporate new Password Flows into Frontier Android 15.2 client for Frontier Missed file;;;;;
Thomas;r1537919;Wednesday;;;28/10/2015;Oct;15:07:07;;;1;1;Uopdated ignores;;;;;
Thomas;r1537915;Wednesday;;;28/10/2015;Oct;15:02:17;;;1;1;FTRPC-55: Incorporate new Password Flows into Frontier Android 15.2 client for Frontier;;;;;
Thomas;r1537911;Wednesday;;;28/10/2015;Oct;14:57:51;;;1;1;Added ignores;;;;;
Jimmy;r1537697;Wednesday;;;28/10/2015;Oct;09:36:03;;;1;1;Removed client-att and mct-att;;;;;
Vincent;r1537528;Tuesday;;;27/10/2015;Oct;18:12:29;;;1;1;"FTRPC-199 : Frontier Android || Instead of ""All Files""";" ""Files"" is displaying in Hamburger menu";;;;
Jimmy;r1537485;Tuesday;;;27/10/2015;Oct;16:58:28;;;1;1;Removed client-att and mct-att;;;;;
Jimmy;r1537460;Tuesday;;;27/10/2015;Oct;16:28:16;;;1;1;Enabled spanishclaros and telcel clients;;;;;
Jimmy;r1537454;Tuesday;;;27/10/2015;Oct;16:04:20;;;1;1;Added telcel folder;;;;;
Jimmy;r1537452;Tuesday;;;27/10/2015;Oct;16:01:15;;;1;1;Added spanishclaros folder;;;;;
Vincent;r1537319;Tuesday;;;27/10/2015;Oct;13:15:19;;;2;1;"FTRPC-159 : Frontier Android || ""Favorite"" is displayed when user selects Folders from 'All Files' section ";;;;;
Jimmy;r1536385;Friday;;;23/10/2015;Oct;17:03:31;;;1;1;Lint fix;;;;;
Jimmy;r1536330;Friday;;;23/10/2015;Oct;16:07:36;;;1;1;Lint fix;;;;;
Jimmy;r1536312;Friday;;;23/10/2015;Oct;15:53:51;;;1;1;Legacy app uninstall;;;;;
Jimmy;r1536311;Friday;;;23/10/2015;Oct;15:53:31;;;1;1;Legacy app uninstall;;;;;
Jimmy;r1536126;Friday;;;23/10/2015;Oct;13:40:49;;;1;1;Legacy app uninstall;;;;;
Jimmy;r1536118;Friday;;;23/10/2015;Oct;13:30:01;;;1;1;Legacy app uninstall;;;;;
Jimmy;r1536037;Friday;;;23/10/2015;Oct;11:57:54;;;1;1;Lint fix;;;;;
Jimmy;r1536002;Friday;;;23/10/2015;Oct;10:59:01;;;1;1;Reverted to prod urls;;;;;
Jimmy;r1535957;Friday;;;23/10/2015;Oct;10:00:03;;;1;1;Added incompatibilty fragment;;;;;
Jimmy;r1535594;Thursday;;;22/10/2015;Oct;14:42:26;;;1;1;Lint fix;;;;;
Jimmy;r1535593;Thursday;;;22/10/2015;Oct;14:40:39;;;1;1;Added incpmpatible legacy client parameter;;;;;
Jimmy;r1535587;Thursday;;;22/10/2015;Oct;14:35:31;;;1;1;Lint fix;;;;;
Jimmy;r1535571;Thursday;;;22/10/2015;Oct;14:23:01;;;1;1;Removed unused resources;;;;;
Jimmy;r1535537;Thursday;;;22/10/2015;Oct;14:08:58;;;1;1;lint fix;;;;;
Jimmy;r1535523;Thursday;;;22/10/2015;Oct;13:52:30;;;1;1;Enabled BT module;;;;;
Jimmy;r1535517;Thursday;;;22/10/2015;Oct;13:42:47;;;1;1;BT Addition;;;;;
Jimmy;r1535516;Thursday;;;22/10/2015;Oct;13:36:58;;;1;1;Widget colors;;;;;
Jimmy;r1535453;Thursday;;;22/10/2015;Oct;11:26:04;;;1;1;Widget;;;;;
Jimmy;r1535452;Thursday;;;22/10/2015;Oct;11:25:35;;;1;1;Widget;;;;;
Jimmy;r1535451;Thursday;;;22/10/2015;Oct;11:25:18;;;1;1;Widget;;;;;
Thomas;r1533128;Friday;;;16/10/2015;Oct;11:55:48;;;2;1;Merge from android-15.2-solutions-att PHONE-1409: Phone - Scheduled Maintenance Not Working as Expected;;;;;
Thomas;r1533115;Friday;;;16/10/2015;Oct;11:32:58;;;1;1;FTRPC-117: Frontier Android Handset || App icon is not matching as per Branding parameters;;;;;
Thomas;r1533097;Friday;;;16/10/2015;Oct;11:13:18;;;1;1;Added AMXPC jira project to jira report;;;;;
Thomas;r1533092;Friday;;;16/10/2015;Oct;11:04:56;;;1;1;Updated build files to support Jira reports per clients;;;;;
Thomas;r1532755;Thursday;;;15/10/2015;Oct;16:50:56;;;2;1;FTRPC-118: Frontier Android Handset || About screen is loading forever ;;;;;
Jimmy;r1532018;Wednesday;;;14/10/2015;Oct;14:51:25;;;1;1;Widget update;;;;;
Jimmy;r1532015;Wednesday;;;14/10/2015;Oct;14:49:17;;;1;1;Widget update;;;;;
Jimmy;r1531912;Wednesday;;;14/10/2015;Oct;12:50:27;;;1;1;Re enabled client modules;;;;;
Jimmy;r1531903;Wednesday;;;14/10/2015;Oct;12:40:19;;;1;1;Spike for app removal;;;;;
Thomas;r1531479;Tuesday;;;13/10/2015;Oct;15:54:58;;;4;1;Merge from android-15.2-solutions-att PHONE-1665: Phone Customer Reported Issue - Carousel Issues on Tablet Added titles for wizard ;;;;;
/OU=Domain Control Validated/CN=svn.company.net;r1530186;Friday;;;09/10/2015;Oct;14:34:54;;;1;1;[gradle-release] prepare for next development iteration;;;;;
Thomas;r1530155;Friday;;;09/10/2015;Oct;13:58:14;;;1;1;Bumped version to 15.2.30.18;;;;;
Jimmy;r1530104;Friday;;;09/10/2015;Oct;12:52:44;;;1;1;Disabled at&t module;;;;;
Jimmy;r1530087;Friday;;;09/10/2015;Oct;12:30:40;;;1;1;Lint fix;;;;;
Jimmy;r1530077;Friday;;;09/10/2015;Oct;12:10:54;;;1;1;Added new homescreen;;;;;
Thomas;r1530022;Friday;;;09/10/2015;Oct;11:17:08;;;1;1;Added lint ignores;;;;;
Thomas;r1530019;Friday;;;09/10/2015;Oct;11:09:59;;;1;1;Added lint ignores;;;;;
Thomas;r1529976;Friday;;;09/10/2015;Oct;10:13:54;;;1;1;Updated strings;;;;;
Thomas;r1529934;Friday;;;09/10/2015;Oct;09:24:07;;;1;1;Revert back some assets;;;;;
Thomas;r1529923;Friday;;;09/10/2015;Oct;09:06:45;;;1;1;Added qa and qa_wl build types; renamed app.;;;;
Thomas;r1529916;Friday;;;09/10/2015;Oct;08:55:33;;;1;1;Updated assets;;;;;
Thomas;r1529913;Friday;;;09/10/2015;Oct;08:53:15;;;1;1;Removed unused resources;;;;;
Thomas;r1529617;Thursday;;;08/10/2015;Oct;14:55:59;;;2;1;Set prod end point: http://confluence.company.net:8085/display/PRO/Frontier+PC+PROD;;;;;
Thomas;r1529611;Thursday;;;08/10/2015;Oct;14:49:55;;;1;1;Enabled client-frt client;;;;;
Thomas;r1529597;Thursday;;;08/10/2015;Oct;14:38:16;;;1;1;Copy to android-15.2-solutions;;;;;
Thomas;r1528989;Wednesday;;;07/10/2015;Oct;15:19:21;;;1;1;PHONE-1420: CLONE - [15.2]The first file thumbnail is not dispalyed properly in landscape mode;;;;;
Thomas;r1528947;Wednesday;;;07/10/2015;Oct;14:44:23;;;1;1;Updated more strings;;;;;
Thomas;r1528925;Wednesday;;;07/10/2015;Oct;14:23:29;;;1;1;Simplified app versioning;;;;;
Thomas;r1528923;Wednesday;;;07/10/2015;Oct;14:19:38;;;1;1;PHONE-1416: ATT Android || Screen blinks twice when user taps on App icon;;;;;
Thomas;r1528922;Wednesday;;;07/10/2015;Oct;14:19:14;;;1;1;PHONE-1416: ATT Android || Screen blinks twice when user taps on App icon;;;;;
Thomas;r1528797;Wednesday;;;07/10/2015;Oct;11:06:28;;;1;1;Remove att permission from manifest;;;;;
Thomas;r1528782;Wednesday;;;07/10/2015;Oct;10:45:54;;;2;1;Merged from trunk: ANDINTL-3163 - enable the application to be installed on top of Ready 2 Go and Verizon cloud;;;;;
Thomas;r1528452;Tuesday;;;06/10/2015;Oct;16:15:27;;;1;1;Enabled client-amx client;;;;;
Thomas;r1528449;Tuesday;;;06/10/2015;Oct;16:07:38;;;1;1;Fixed NPE for amx client; changed amx client name;;;;
Thomas;r1528422;Tuesday;;;06/10/2015;Oct;15:36:53;;;1;1;Added ignores;;;;;
Thomas;r1528416;Tuesday;;;06/10/2015;Oct;15:28:51;;;1;1;Implements HelpFragment.Callback;;;;;
Thomas;r1528414;Tuesday;;;06/10/2015;Oct;15:27:59;;;1;1;Added help_fragment_icon.png;;;;;
Thomas;r1528412;Tuesday;;;06/10/2015;Oct;15:26:10;;;1;1;Added help fragment colors;;;;;
Thomas;r1528411;Tuesday;;;06/10/2015;Oct;15:23:31;;;2;1;Merged from android-15.2-solutions-amx Help CR: http://confluence.company.net:8085/display/CSE/Titans+Android+Help+CR [from revision 1520497];;;;;
Thomas;r1528409;Tuesday;;;06/10/2015;Oct;15:21:35;;;1;1;Merge fragment_help.xml from amx branch;;;;;
Thomas;r1528404;Tuesday;;;06/10/2015;Oct;15:18:18;;;1;1;Merge HelpFragment.java from amx branch;;;;;
Thomas;r1528397;Tuesday;;;06/10/2015;Oct;15:13:00;;;1;1;Merged from android-15.2-solutions-amx branch;;;;;
Thomas;r1527179;Friday;;;02/10/2015;Oct;16:23:05;;;2;1;Merged from android-15.2-solutions-att PHONE-1415: CLONE - [15.2][PC] Screen rotates at some pages even though auto-rotation is OFF in device.;;;;;
Thomas;r1527029;Friday;;;02/10/2015;Oct;13:24:26;;;2;1;Merged from android-15.2-solutions-att PHONE-1529: ATT Android || The file which is downloading for Available offline; if canceled not playing even with wifi [from revision 1527022];;;;
Thomas;r1526939;Friday;;;02/10/2015;Oct;10:15:40;;;2;1;Merged from android-15.2-solutions-att PHONE-1342: Phone - Rename a Photo in an Album using the Web Returns Error Getting Info on Handset [from revision 1526937];;;;;
Thomas;r1526558;Thursday;;;01/10/2015;Oct;13:25:23;;;1;1;PHONE-1377: Phone 2.0 - All files - Folder - Get info - Failure;;;;;
Jimmy;r1526549;Thursday;;;01/10/2015;Oct;13:18:27;;;1;1;Added lint suppress;;;;;
Jimmy;r1526501;Thursday;;;01/10/2015;Oct;12:29:00;;;1;1;Added handling for R2G;;;;;
Jimmy;r1525171;Tuesday;;;29/09/2015;Sept;14:08:40;;;1;1;Added handling for R2G;;;;;
Jimmy;r1525124;Tuesday;;;29/09/2015;Sept;12:49:38;;;1;1;Added settings as a main activity to launch;;;;;
Jimmy;r1525067;Tuesday;;;29/09/2015;Sept;11:55:33;;;1;1;Lint fix;;;;;
Jimmy;r1525056;Tuesday;;;29/09/2015;Sept;11:50:00;;;1;1;Added custom permission to receiver;;;;;
Jimmy;r1525043;Tuesday;;;29/09/2015;Sept;11:36:56;;;1;1;Lint fix;;;;;
Jimmy;r1525032;Tuesday;;;29/09/2015;Sept;11:31:00;;;1;1;Added r2g permission;;;;;
Jimmy;r1525020;Tuesday;;;29/09/2015;Sept;11:22:15;;;1;1;Added R2G config;;;;;
Jimmy;r1524333;Monday;;;28/09/2015;Sept;11:47:57;;;1;1;Modified broadcast receiver for R2G;;;;;
Thomas;r1523786;Friday;;;25/09/2015;Sept;14:35:53;;;1;1;PHONE-1163: Phone 2.0 - Music player in lock screen view has a cut off.;;;;;
Jimmy;r1523768;Friday;;;25/09/2015;Sept;14:15:11;;;1;1;Initial addition for R2G classes;;;;;
Jimmy;r1523643;Friday;;;25/09/2015;Sept;11:35:42;;;1;1;CR023: Phone globe for the mobile client splash screen;;;;;
Thomas;r1521833;Tuesday;;;22/09/2015;Sept;14:23:03;;;1;1;Fixed libpng warning: iCCP: Not recognizing known sRGB profile that has been edited;;;;;
Jimmy;r1520473;Friday;;;18/09/2015;Sept;14:08:32;;;1;1;Auth failure error codes;;;;;
Thomas;r1520031;Thursday;;;17/09/2015;Sept;15:02:43;;;1;1;PHONE-1388: Att Locker - AMZ Fire - Share by Me - Manage Share: Crashes Locker;;;;;
Thomas;r1519600;Wednesday;;;16/09/2015;Sept;15:05:40;;;1;1;Removed &amp;;;;;
Thomas;r1519555;Wednesday;;;16/09/2015;Sept;14:19:18;;;1;1;PHONE-1391: Phone 2.0 - unexpected notification while downloading on low battery.;;;;;
Jimmy;r1519330;Wednesday;;;16/09/2015;Sept;08:42:42;;;1;1;PHONE-1318;;;;;
/OU=Domain Control Validated/CN=svn.company.net;r1517160;Thursday;;;10/09/2015;Sept;17:34:36;;;1;1;[gradle-release] prepare for next development iteration;;;;;
Jimmy;r1516858;Thursday;;;10/09/2015;Sept;11:03:36;;;1;1;PHONE-1318;;;;;
Jimmy;r1516801;Thursday;;;10/09/2015;Sept;09:49:48;;;1;1;Seperated strings for shares from main strings files;;;;;
/OU=Domain Control Validated/CN=svn.company.net;r1516395;Wednesday;;;09/09/2015;Sept;15:10:46;;;1;1;[gradle-release] prepare for next development iteration;;;;;
Jimmy;r1516364;Wednesday;;;09/09/2015;Sept;14:45:52;;;1;1;Remove report abusive content;;;;;
/OU=Domain Control Validated/CN=svn.company.net;r1516286;Wednesday;;;09/09/2015;Sept;13:23:06;;;1;1;[gradle-release] prepare for next development iteration;;;;;
Thomas;r1516221;Wednesday;;;09/09/2015;Sept;11:37:11;;;2;1;"PHONE-1227: ATT Android|| Observed ""File too large to upload"" popup while taking the picture. Added extra check if we have that size or not.";;;;;
Thomas;r1516206;Wednesday;;;09/09/2015;Sept;11:18:13;;;1;1;PHONE-1316: ATT Android || Available offline icon is hardly visible in documents screen;;;;;
Thomas;r1516182;Wednesday;;;09/09/2015;Sept;10:57:24;;;1;1;PHONE-1125: ATT Android || Available offline is displaying only when we select min 2 files. That to this feature is integrated only in docs and no where else;;;;;
Thomas;r1516140;Wednesday;;;09/09/2015;Sept;09:54:23;;;1;1;Added back empty sliding_menu_header;;;;;
Jimmy;r1516124;Wednesday;;;09/09/2015;Sept;09:35:37;;;1;1;String updates;;;;;
Jimmy;r1516078;Wednesday;;;09/09/2015;Sept;08:36:04;;;1;1;String updates;;;;;
Thomas;r1515856;Tuesday;;;08/09/2015;Sept;16:52:10;;;1;1;Update icons;;;;;
Thomas;r1515669;Tuesday;;;08/09/2015;Sept;13:00:44;;;1;1;PHONE-1259: Phone Customer Reported Issue - App Icon is square rather than rounded corners;;;;;
Thomas;r1515598;Tuesday;;;08/09/2015;Sept;11:12:36;;;1;1;Increased swipe time to 5 sec;;;;;
Thomas;r1515597;Tuesday;;;08/09/2015;Sept;11:09:10;;;1;1;PHONE-1277: Phone Locker - Header Cut Off in Android Galaxy Tablet;;;;;
Thomas;r1515550;Tuesday;;;08/09/2015;Sept;09:46:51;;;1;1;PHONE-1275: Android Galaxy Tablet - Image Carousel;;;;;
Freddie;r1515469;Monday;;;07/09/2015;Sept;18:02:26;;;2;1;PHONE-1174: Phone 2.0 - When both Upload and Download are in progress; if we cancel any one(either download or upload); both are getting cancelled. Cancel only the target operation instead of canceling all operations.;;;
Freddie;r1515192;Monday;;;07/09/2015;Sept;08:40:42;;;2;1;PHONE-1245: Phone || Files Upload is not resuming once connection is lost and regained fix the way the Cloud SDK is integrated for the upload. Reported from trunk.;;;;;
/OU=Domain Control Validated/CN=svn.company.net;r1514885;Friday;;;04/09/2015;Sept;15:28:55;;;1;1;[gradle-release] prepare for next development iteration;;;;;
Thomas;r1514854;Friday;;;04/09/2015;Sept;14:45:09;;;1;1;Fixed lint issue;;;;;
Thomas;r1514848;Friday;;;04/09/2015;Sept;14:35:07;;;1;1;PHONE-1246: CR018 Carousel;;;;;
Thomas;r1514769;Friday;;;04/09/2015;Sept;12:36:03;;;1;1;PHONE-1116: Phone 2.0 - Push notification icon Intermittently appear - Nexus 5.;;;;;
Thomas;r1514659;Friday;;;04/09/2015;Sept;10:33:11;;;1;1;PHONE-1152: Phone 2.0 - Pop up message is displayed as creating music album when we are trying to creating photo album;;;;;
Thomas;r1514632;Friday;;;04/09/2015;Sept;09:24:09;;;1;1;PHONE-1158: ATT Android || Inconsistence of 'Remove from Playlist' from contextual menu to title;;;;;
Thomas;r1514422;Thursday;;;03/09/2015;Sept;16:43:11;;;1;1;PHONE-1109: Phone 2.0 - Empty Pop up message is displayed when we tap on continue on Download paused Roaming detected screen.;;;;;
Freddie;r1514088;Thursday;;;03/09/2015;Sept;10:11:46;;;2;1;PHONE-1018: Phone || Files download is not resuming once connection is lost and regained extends to all I/O exceptions the pause of download operations; by using the latest Cloud SDK 1.0.8.18;;;;
Freddie;r1511865;Friday;;;28/08/2015;Aug;09:28:08;;;2;1;PHONE-1018: Phone || Files download is not resuming once connection is lost and regained Finer detection of the manager to call (remote or local file manager) depending on the state of the work;;;;;
murari.krishnan;r1511531;Thursday;;;27/08/2015;Aug;15:18:55;;;1;1;fixed PHONE-1104 No-Videos message is displayed under photos tab.;;;;;
Thomas;r1511263;Thursday;;;27/08/2015;Aug;09:07:17;;;1;1;Removed unused -keepclassmembers;;;;;
Freddie;r1510630;Wednesday;;;26/08/2015;Aug;10:51:19;;;2;1;ANDINTL-3702: 15.2-PC-login pop up is displayed when device is kept idle for some time ;;;;;
Thomas;r1510560;Wednesday;;;26/08/2015;Aug;09:41:24;;;1;1;Merging 15.2 changes;;;;;
Freddie;r1510491;Wednesday;;;26/08/2015;Aug;08:12:56;;;2;1;PHONE-1018: Phone || Files downloading is not resuming once the airplane mode is turned ON and OFF ;;;;;
Nicky;r1510251;Tuesday;;;25/08/2015;Aug;17:19:59;;;5;1;PHONE-1014 Phone 2.0 - Unexpected response on the progress bar while restoring. ANDINTL-3366 15.2- Warning message is displayed when we disabled wi-fi during photo upload;upload is not resuming when wi-fi is back ;;;;
Thomas;r1510206;Tuesday;;;25/08/2015;Aug;16:28:54;;;1;1;PHONE-1039: Phone 2.0 - Push notification icon is not matching on all devices.;;;;;
Thomas;r1509790;Tuesday;;;25/08/2015;Aug;09:34:01;;;1;1;PHONE-995: ATT Android || Keypad is in visible state when we click on hamburger menu from the help screen search field;;;;;
/OU=Domain Control Validated/CN=svn.company.net;r1509257;Monday;;;24/08/2015;Aug;11:14:13;;;1;1;[gradle-release] prepare for next development iteration;;;;;
Jimmy;r1509222;Monday;;;24/08/2015;Aug;10:37:35;;;1;1;PHONE-363;;;;;
Jimmy;r1508948;Friday;;;21/08/2015;Aug;16:50:38;;;1;1;PHONE-434;;;;;
Jimmy;r1508779;Friday;;;21/08/2015;Aug;14:07:58;;;1;1;PHONE-996;;;;;
Jimmy;r1508685;Friday;;;21/08/2015;Aug;12:12:20;;;1;1;PHONE-996;;;;;
Jimmy;r1508629;Friday;;;21/08/2015;Aug;11:16:41;;;1;1;PHONE-854 - Changed sender ID;;;;;
/OU=Domain Control Validated/CN=svn.company.net;r1508188;Thursday;;;20/08/2015;Aug;15:06:07;;;1;1;[gradle-release] prepare for next development iteration;;;;;
Jimmy;r1508164;Thursday;;;20/08/2015;Aug;14:41:27;;;1;1;TypographyDashes fix;;;;;
Jimmy;r1508161;Thursday;;;20/08/2015;Aug;14:35:13;;;1;1;TypographyDashes fix;;;;;
Jimmy;r1508151;Thursday;;;20/08/2015;Aug;14:28:08;;;1;1;String updates;;;;;
Jimmy;r1508145;Thursday;;;20/08/2015;Aug;14:19:26;;;1;1;PHONE-908;;;;;
Thomas;r1508044;Thursday;;;20/08/2015;Aug;12:05:30;;;1;1;PHONE-812: CLONE - Phone - Handset - Phone Icon on What to Back up screen;;;;;
Thomas;r1508020;Thursday;;;20/08/2015;Aug;11:49:01;;;1;1;"PHONE-434: PHONE 2.0 - Slide menu title is ""Personal Cloud""";;;;;
Thomas;r1507926;Thursday;;;20/08/2015;Aug;09:42:08;;;1;1;"PHONE-726: Phone 2.0 - Message displayed on tapping of ""Locker Backup Paused Roaming detected..."" notification is not as expected.";;;;;
Thomas;r1507915;Thursday;;;20/08/2015;Aug;09:32:45;;;1;1;"PHONE-916: Phone 2.0 - ""Get Start"" Button string is not clear - HTC desire 610.";;;;;
Thomas;r1507705;Wednesday;;;19/08/2015;Aug;16:54:40;;;1;1;PHONE-957: Phone - About Screen Copyright;;;;;
Thomas;r1507637;Wednesday;;;19/08/2015;Aug;15:30:13;;;1;1;PHONE-879: Phone 2.0 - First Time User Login Flow Every Time;;;;;
Thomas;r1507417;Wednesday;;;19/08/2015;Aug;10:47:31;;;1;1;Fixed: libpng warning: iCCP: Not recognizing known sRGB profile that has been edited;;;;;
Thomas;r1507415;Wednesday;;;19/08/2015;Aug;10:46:16;;;2;1;Merged: JIODINT-1329 --Push Not Received After and hour even though the device is registered with PHONE-854: CLONE - Push Notification are not Recieved Next Day;;;;;
Thomas;r1507409;Wednesday;;;19/08/2015;Aug;10:36:15;;;2;1;Merged: JIODINT-1329 --Push Not Received After and hour even though the device is registered with PHONE-854: CLONE - Push Notification are not Recieved Next Day;;;;;
Thomas;r1506528;Monday;;;17/08/2015;Aug;16:22:32;;;1;1;"PHONE-725: Phone 2.0 - ""Upload paused. Roaming detected."" Notification is not displayed on device notification tray when we download any content when user is in roaming data and WiFi is off.";;;;;
Thomas;r1506431;Monday;;;17/08/2015;Aug;13:36:03;;;1;1;PHONE-807: Phone 2.0 - Repeat option in the Music Player is not working as expected;;;;;
Jimmy;r1505785;Friday;;;14/08/2015;Aug;13:54:38;;;1;1;PHONE-879 - Added internal preference flag;;;;;
Jimmy;r1505761;Friday;;;14/08/2015;Aug;13:17:45;;;1;1;PHONE-591;;;;;
Jimmy;r1505731;Friday;;;14/08/2015;Aug;12:44:07;;;1;1;Modified code;;;;;
Jimmy;r1505616;Friday;;;14/08/2015;Aug;09:38:08;;;1;1;Normalising code;;;;;
/OU=Domain Control Validated/CN=svn.company.net;r1505141;Thursday;;;13/08/2015;Aug;14:59:27;;;1;1;[gradle-release] prepare for next development iteration;;;;;
Nicky;r1505095;Thursday;;;13/08/2015;Aug;14:11:18;;;2;1;PHONE-536 App does not open for Android M - Beta;;;;;
/OU=Domain Control Validated/CN=svn.company.net;r1505036;Thursday;;;13/08/2015;Aug;13:24:34;;;1;1;[gradle-release] prepare for next development iteration;;;;;
Jimmy;r1505021;Thursday;;;13/08/2015;Aug;12:56:59;;;1;1;String update;;;;;
/OU=Domain Control Validated/CN=svn.company.net;r1504972;Thursday;;;13/08/2015;Aug;11:45:19;;;1;1;[gradle-release] prepare for next development iteration;;;;;
Jimmy;r1504930;Thursday;;;13/08/2015;Aug;11:11:29;;;1;1;PHONE-549;;;;;
Jimmy;r1504897;Thursday;;;13/08/2015;Aug;10:34:01;;;1;1;Removed notification icons.;;;;;
Jimmy;r1504896;Thursday;;;13/08/2015;Aug;10:33:33;;;1;1;Modified;;;;;
Jimmy;r1504892;Thursday;;;13/08/2015;Aug;10:21:05;;;1;1;String updated;;;;;
Jimmy;r1504678;Wednesday;;;12/08/2015;Aug;17:59:37;;;1;1;Removed temporary check for status;;;;;
Jimmy;r1504521;Wednesday;;;12/08/2015;Aug;15:08:00;;;1;1;PHONE-799 - Modified the layout of the button to wrap the text;;;;;
Jimmy;r1504447;Wednesday;;;12/08/2015;Aug;13:23:37;;;1;1;LINT FIX;;;;;
Jimmy;r1504404;Wednesday;;;12/08/2015;Aug;12:19:41;;;1;1;PHONE-295;;;;;
Jimmy;r1504391;Wednesday;;;12/08/2015;Aug;12:08:41;;;1;1;Added migration activity;;;;;
Jimmy;r1504316;Wednesday;;;12/08/2015;Aug;10:29:11;;;2;1;PHONE-455 - Merged from trunk Added migration status screen;;;;;
Jimmy;r1504239;Wednesday;;;12/08/2015;Aug;08:26:25;;;1;1;Added backup status;;;;;
Jimmy;r1503167;Monday;;;10/08/2015;Aug;14:30:21;;;1;1;Added strings as translated for phraseapp;;;;;
Jimmy;r1503160;Monday;;;10/08/2015;Aug;14:25:22;;;1;1;Added strings as translated for phraseapp;;;;;
Jimmy;r1503152;Monday;;;10/08/2015;Aug;14:06:28;;;1;1;Added strings as translated for phraseapp;;;;;
Jimmy;r1503149;Monday;;;10/08/2015;Aug;14:01:26;;;1;1;Added strings as translated for phraseapp;;;;;
Jimmy;r1502449;Friday;;;07/08/2015;Aug;13:55:01;;;1;1;Removed unused import;;;;;
Jimmy;r1502425;Friday;;;07/08/2015;Aug;13:29:04;;;1;1;PHONE-434 Changed Slide Menu changed to Phone Locker;;;;;
Thomas;r1502023;Thursday;;;06/08/2015;Aug;16:44:44;;;1;1;Remove sliding menu header;;;;;
/OU=Domain Control Validated/CN=svn.company.net;r1501699;Thursday;;;06/08/2015;Aug;10:00:39;;;1;1;[gradle-release] prepare for next development iteration;;;;;
Thomas;r1501400;Wednesday;;;05/08/2015;Aug;15:58:41;;;1;1;Share optimisation; don't do thumbnails request for non media items;;;;
Thomas;r1501345;Wednesday;;;05/08/2015;Aug;14:43:58;;;1;1;PHONE-551: Phone 2.0 - Push notification is starting download of the shared file;;;;;
Jimmy;r1501337;Wednesday;;;05/08/2015;Aug;14:30:09;;;1;1;PHONE-681;;;;;
Jimmy;r1501323;Wednesday;;;05/08/2015;Aug;14:16:44;;;1;1;PHONE-549 - Suppressed view when not data is available;;;;;
Thomas;r1501134;Wednesday;;;05/08/2015;Aug;10:36:03;;;1;1;Exclude non en and ldpi resources from client-att client;;;;;
Thomas;r1500801;Tuesday;;;04/08/2015;Aug;16:34:43;;;1;1;Removed unused contacts related classes;;;;;
Thomas;r1500768;Tuesday;;;04/08/2015;Aug;16:00:51;;;1;1;Removed unused BackupNowActivity;;;;;
Thomas;r1500697;Tuesday;;;04/08/2015;Aug;14:47:30;;;1;1;PHONE-651: Phone 2.0 - Add files pop up is not displayed as expected when we try to add more files to share;;;;;
Thomas;r1500688;Tuesday;;;04/08/2015;Aug;14:31:44;;;1;1;PHONE-654: Phone 2.0 - App is crashing when we double tap on device back key when favoriting/unfavoriting content is in progress.;;;;;
Jimmy;r1500683;Tuesday;;;04/08/2015;Aug;14:27:27;;;1;1;Lint modification;;;;;
Jimmy;r1500676;Tuesday;;;04/08/2015;Aug;14:16:37;;;1;1;Lint modification;;;;;
Jimmy;r1500671;Tuesday;;;04/08/2015;Aug;14:11:09;;;1;1;Lint modification;;;;;
Thomas;r1500665;Tuesday;;;04/08/2015;Aug;14:04:57;;;1;1;PHONE-591: Phone 2.0 - 'Report Abusive Content' is available in Share tab.;;;;;
Jimmy;r1500664;Tuesday;;;04/08/2015;Aug;14:04:25;;;1;1;Lint modification;;;;;
Jimmy;r1500656;Tuesday;;;04/08/2015;Aug;13:54:05;;;1;1;PHONE-363 - Updated notification icon;;;;;
Thomas;r1500654;Tuesday;;;04/08/2015;Aug;13:49:54;;;1;1;"PHONE-552: Phone 2.0 - ""About"" not implemented in settings.";;;;;
Jimmy;r1500629;Tuesday;;;04/08/2015;Aug;13:17:59;;;1;1;Build fix;;;;;
Jimmy;r1500628;Tuesday;;;04/08/2015;Aug;13:09:04;;;1;1;PHONE-613 - Removed tile;;;;;
Thomas;r1500605;Tuesday;;;04/08/2015;Aug;12:06:10;;;1;1;"PHONE-623: Phone 2.0 - ""Remove from Playlist"" pop up is displayed when user try to remove Photo or video from an album.";;;;;
Thomas;r1500577;Tuesday;;;04/08/2015;Aug;11:38:01;;;1;1;Removed unused UserChanged;;;;;
Thomas;r1500567;Tuesday;;;04/08/2015;Aug;11:32:33;;;1;1;Removed unused ContactsActivity;;;;;
Jimmy;r1500550;Tuesday;;;04/08/2015;Aug;11:20:26;;;1;1;PHONE-547 - Added rounded buttons accross the board;;;;;
Thomas;r1500540;Tuesday;;;04/08/2015;Aug;11:11:54;;;1;1;Removed unused;;;;;
Thomas;r1500536;Tuesday;;;04/08/2015;Aug;11:04:57;;;1;1;Removed specific VZW provisioning_flow_enabled ; contacts clean up and contacts history;;;;
Thomas;r1499589;Friday;;;31/07/2015;July;14:45:12;;;1;1;Removed unused resources;;;;;
Thomas;r1499580;Friday;;;31/07/2015;July;14:38:41;;;1;1;Removed NAB QuotaManagement feature;;;;;
Thomas;r1499551;Friday;;;31/07/2015;July;14:02:01;;;1;1;"PHONE-578: ""/n"" showing up in string rather than text moving to new line";;;;;
Thomas;r1499540;Friday;;;31/07/2015;July;13:53:01;;;1;1;Removed Reliance specific login and download classes;;;;;
Thomas;r1499498;Friday;;;31/07/2015;July;13:13:05;;;1;1;Set mct.cloud.fallback to false;;;;;
Thomas;r1499392;Friday;;;31/07/2015;July;11:25:54;;;1;1;PHONE-418: Login errors need to be handled.;;;;;
/OU=Domain Control Validated/CN=svn.company.net;r1499015;Thursday;;;30/07/2015;July;15:31:45;;;1;1;[gradle-release] prepare for next development iteration;;;;;
Thomas;r1498989;Thursday;;;30/07/2015;July;15:01:09;;;1;1;"Put translatable=""false""";;;;;
Thomas;r1498978;Thursday;;;30/07/2015;July;14:50:17;;;1;1;Updated icon.png;;;;;
Thomas;r1498977;Thursday;;;30/07/2015;July;14:49:48;;;1;1;Fixing libpng warning: iCCP: Not recognizing known sRGB profile that has been edited;;;;;
Thomas;r1498965;Thursday;;;30/07/2015;July;14:39:58;;;1;1;Added ignores UnusedResources;;;;;
Thomas;r1498952;Thursday;;;30/07/2015;July;14:33:20;;;1;1;Removed unused strings;;;;;
Thomas;r1498934;Thursday;;;30/07/2015;July;14:09:42;;;2;1;PHONE-450: Include Phone strings.xml file in final build before FAT Moved nab_account_type; dataclasses; dataclasses_extended_pcloud and dataclasses_extended_mct into configuration;;;
/OU=Domain Control Validated/CN=svn.company.net;r1498787;Thursday;;;30/07/2015;July;10:43:33;;;1;1;[gradle-release] prepare for next development iteration;;;;;
Thomas;r1498744;Thursday;;;30/07/2015;July;09:58:03;;;1;1;Changed release email subject;;;;;
Thomas;r1498709;Thursday;;;30/07/2015;July;09:05:21;;;1;1;PHONE-423: External web addresses for auth; upgrade and logout need to be retrieved from SNC.;;;;
Thomas;r1498319;Wednesday;;;29/07/2015;July;14:46:30;;;1;1;Update prod values;;;;;
Thomas;r1498300;Wednesday;;;29/07/2015;July;14:20:59;;;1;1;Set up correct prod endpoints;;;;;
Thomas;r1498083;Wednesday;;;29/07/2015;July;10:06:55;;;1;1;PHONE-340: Phone 2.0 - PUSH Notification are not working - DEV / API;;;;;
Thomas;r1497536;Tuesday;;;28/07/2015;July;10:22:46;;;1;1;PHONE-491: Phone - Countly End Points;;;;;
Thomas;r1497472;Tuesday;;;28/07/2015;July;08:38:12;;;1;1;Set gap strategy to GAP_HANDLING_NONE;;;;;
Nicky;r1497063;Monday;;;27/07/2015;July;13:01:18;;;3;1;finalisation of ANDINT-3395;;;;;
Thomas;r1496931;Monday;;;27/07/2015;July;10:10:44;;;1;1;PHONE-471: Phone - Shadow ro right of Logo;;;;;
Thomas;r1496908;Monday;;;27/07/2015;July;09:26:01;;;1;1;PHONE-478: PHONE 2.0 - Homescreen Timeline should be bolded;;;;;
Thomas;r1496519;Friday;;;24/07/2015;July;16:13:21;;;1;1;Added QA Tested to the jira report; revert settings.gradle;;;;
Thomas;r1496513;Friday;;;24/07/2015;July;16:00:58;;;1;1;Wrong commit;;;;;
/OU=Domain Control Validated/CN=svn.company.net;r1496435;Friday;;;24/07/2015;July;14:43:57;;;1;1;[gradle-release] prepare for next development iteration;;;;;
Thomas;r1496285;Friday;;;24/07/2015;July;11:49:13;;;1;1;Changed project jira key;;;;;
Thomas;r1496265;Friday;;;24/07/2015;July;11:27:05;;;1;1;"PHONE-397: Phone 2.0 - ""Content found"" notification does not pop up.";;;;;
Thomas;r1496231;Friday;;;24/07/2015;July;10:45:10;;;1;1;"PHONE-466: Phone 2.0 - ""MigrationInfo"" Text appears frequently went navigate to ""what to back up"".";;;;;
Thomas;r1496204;Friday;;;24/07/2015;July;09:43:16;;;1;1;"PHONE-434: PHONE 2.0 - Slide menu title is ""Personal Cloud""";;;;;
Thomas;r1496201;Friday;;;24/07/2015;July;09:37:34;;;1;1;PHONE-436: Phone - Disable TV Beaming;;;;;
Thomas;r1496198;Friday;;;24/07/2015;July;09:30:51;;;2;1;PHONE-465: Phone 2.0 - App Crashes after first launch. PHONE-464: Phone 2.0 - App Crashes when you navigate to Share tab.;;;;;
Thomas;r1495947;Thursday;;;23/07/2015;July;16:09:42;;;1;1;Moved app recommendations icons into client;;;;;
/OU=Domain Control Validated/CN=svn.company.net;r1495875;Thursday;;;23/07/2015;July;15:00:50;;;1;1;[gradle-release] prepare for next development iteration;;;;;
Thomas;r1495841;Thursday;;;23/07/2015;July;14:32:43;;;1;1;Removed UnusedResources;;;;;
Thomas;r1495830;Thursday;;;23/07/2015;July;14:21:42;;;1;1;Added lint ignore for UnusedResources;;;;;
Thomas;r1495815;Thursday;;;23/07/2015;July;14:14:21;;;1;1;Removed unused resources and enabled UnusedResources lint rule;;;;;
Dave;r1495607;Thursday;;;23/07/2015;July;09:37:01;;;1;1;merge in the latest changes from 15.2 to revision -r1495084;;;;;
Thomas;r1495598;Thursday;;;23/07/2015;July;09:24:09;;;1;1;Removed v11 drawables;;;;;
Thomas;r1495589;Thursday;;;23/07/2015;July;09:12:29;;;1;1;Revert deletion;;;;;
Thomas;r1495583;Thursday;;;23/07/2015;July;08:48:05;;;1;1;Removed unused assets;;;;;
Thomas;r1495579;Thursday;;;23/07/2015;July;08:44:05;;;1;1;Removed unused assets;;;;;
Thomas;r1495354;Wednesday;;;22/07/2015;July;16:15:58;;;1;1;Optimised assets;;;;;
Nicky;r1495232;Wednesday;;;22/07/2015;July;14:04:49;;;2;1;PHONE-401 ATTLocker 2.0 - Failed to Re-auth;;;;;
Thomas;r1494629;Tuesday;;;21/07/2015;July;14:29:13;;;1;1;Remove wizard images;;;;;
Jimmy;r1494572;Tuesday;;;21/07/2015;July;13:09:10;;;1;1;Added migration info popup;;;;;
Jimmy;r1494569;Tuesday;;;21/07/2015;July;12:57:12;;;1;1;Added migration info popup;;;;;
Jimmy;r1494523;Tuesday;;;21/07/2015;July;11:54:34;;;1;1;Added String overload;;;;;
Jimmy;r1494517;Tuesday;;;21/07/2015;July;11:45:38;;;1;1;Added migration info parsing;;;;;
Jimmy;r1494495;Tuesday;;;21/07/2015;July;11:20:23;;;1;1;Added qa config;;;;;
Jimmy;r1494003;Monday;;;20/07/2015;July;12:08:48;;;1;1;PHONE-392;;;;;
Jimmy;r1493570;Friday;;;17/07/2015;July;13:54:22;;;1;1;Modified test case;;;;;
Jimmy;r1493569;Friday;;;17/07/2015;July;13:49:52;;;1;1;Updated migration classes;;;;;
Jimmy;r1493563;Friday;;;17/07/2015;July;13:28:41;;;1;1;Added migration class and tests;;;;;
Jimmy;r1493562;Friday;;;17/07/2015;July;13:27:38;;;1;1;Added migration class and tests;;;;;
/OU=Domain Control Validated/CN=svn.company.net;r1493503;Friday;;;17/07/2015;July;11:58:34;;;1;1;[gradle-release] prepare for next development iteration;;;;;
Jimmy;r1493417;Friday;;;17/07/2015;July;10:14:16;;;1;1;Added configuration for intro screen;;;;;
Thomas;r1493381;Friday;;;17/07/2015;July;08:39:34;;;1;1;Fixed release build.;;;;;
Nicky;r1493269;Thursday;;;16/07/2015;July;19:32:25;;;2;1;PHONE-360 Phone 2.0 - Device is not uploading or downloading.;;;;;
Thomas;r1493202;Thursday;;;16/07/2015;July;16:48:08;;;1;1;Removed translatable flag;;;;;
Jimmy;r1493081;Thursday;;;16/07/2015;July;14:47:09;;;1;1;PHONE-354;;;;;
Alan;r1493067;Thursday;;;16/07/2015;July;14:37:37;;;2;1;"PHONE-350 Phone 2.0 - ""Report Abusive Content"" is available.";;;;;
Jimmy;r1493044;Thursday;;;16/07/2015;July;14:02:49;;;1;1;PHONE-348;;;;;
Jimmy;r1493036;Thursday;;;16/07/2015;July;13:51:17;;;1;1;PHONE-348;;;;;
Jimmy;r1493028;Thursday;;;16/07/2015;July;13:41:50;;;1;1;PHONE-348;;;;;
Alan;r1492956;Thursday;;;16/07/2015;July;11:51:46;;;2;1;"PHONE-349 Phone 2.0 - ""Invitations and Referrals"" tool is available.";;;;;
Alan;r1492955;Thursday;;;16/07/2015;July;11:48:20;;;2;1;PHONE-351 Phone 2.0 - Home Screen redsign is OFF;;;;;
/OU=Domain Control Validated/CN=svn.company.net;r1492513;Wednesday;;;15/07/2015;July;15:46:38;;;1;1;[gradle-release] prepare for next development iteration;;;;;
Alan;r1492481;Wednesday;;;15/07/2015;July;15:25:12;;;1;1;Phone Locker changes for 15.2 Branch;;;;;
Jimmy;r1492470;Wednesday;;;15/07/2015;July;15:08:50;;;1;1;Partial code cleanup;;;;;
Jimmy;r1492457;Wednesday;;;15/07/2015;July;15:02:58;;;1;1;Partial code cleanup;;;;;
Jimmy;r1492455;Wednesday;;;15/07/2015;July;15:00:04;;;1;1;Partial code cleanup;;;;;
Jimmy;r1492414;Wednesday;;;15/07/2015;July;14:04:56;;;1;1;Revved;;;;;
Jimmy;r1492409;Wednesday;;;15/07/2015;July;13:55:46;;;1;1;Added dev build variant;;;;;
/OU=Domain Control Validated/CN=svn.company.net;r1492405;Wednesday;;;15/07/2015;July;13:49:47;;;1;1;[gradle-release] prepare for next development iteration;;;;;
Jimmy;r1492402;Wednesday;;;15/07/2015;July;13:48:45;;;1;1;Modified mail template;;;;;
Jimmy;r1492399;Wednesday;;;15/07/2015;July;13:42:17;;;1;1;Prep for release;;;;;
Jimmy;r1492395;Wednesday;;;15/07/2015;July;13:30:01;;;1;1;Code cleanup;;;;;
Jimmy;r1492330;Wednesday;;;15/07/2015;July;11:55:03;;;1;1;Plan management;;;;;
Jimmy;r1492308;Wednesday;;;15/07/2015;July;11:33:28;;;1;1;Added boolean to upgrade;;;;;
Jimmy;r1491912;Tuesday;;;14/07/2015;July;14:56:43;;;1;1;Partial code cleanup;;;;;
Jimmy;r1491892;Tuesday;;;14/07/2015;July;14:40:44;;;1;1;Partial code cleanup;;;;;
Jimmy;r1491875;Tuesday;;;14/07/2015;July;14:18:59;;;1;1;Partial code cleanup;;;;;
Jimmy;r1491866;Tuesday;;;14/07/2015;July;14:06:22;;;1;1;Partial code clean;;;;;
Jimmy;r1491858;Tuesday;;;14/07/2015;July;13:49:51;;;1;1;Removed dead code;;;;;
Jimmy;r1491856;Tuesday;;;14/07/2015;July;13:42:45;;;1;1;modified chsettings content provider for at&t;;;;;
Jimmy;r1491802;Tuesday;;;14/07/2015;July;12:25:40;;;1;1;Authentication for locker;;;;;
Thomas;r1491445;Monday;;;13/07/2015;July;16:29:13;;;1;1;Removed Ril classes;;;;;
Thomas;r1491442;Monday;;;13/07/2015;July;16:22:25;;;1;1;Removed Ril classes;;;;;
Thomas;r1491435;Monday;;;13/07/2015;July;16:17:26;;;1;1;Correct url and tag name for branch tagging;;;;;
Thomas;r1491428;Monday;;;13/07/2015;July;16:12:14;;;1;1;Use 15.2.30.x versioning scheme for branch;;;;;
Thomas;r1491425;Monday;;;13/07/2015;July;16:08:55;;;1;1;Removed old TV functionality;;;;;
Thomas;r1491421;Monday;;;13/07/2015;July;16:03:32;;;1;1;Removed old TV functionality;;;;;
Thomas;r1491420;Monday;;;13/07/2015;July;16:00:35;;;1;1;Removed old TV functionality;;;;;
Jimmy;r1491333;Monday;;;13/07/2015;July;13:59:14;;;1;1;directed the auth callback to point at the AtpAuthActivity class;;;;;
Jimmy;r1491323;Monday;;;13/07/2015;July;13:48:50;;;1;1;Added application identifier to auth call;;;;;
Jimmy;r1491315;Monday;;;13/07/2015;July;13:06:21;;;1;1;Added web UI for auth;;;;;
Thomas;r1491272;Monday;;;13/07/2015;July;11:52:09;;;1;1;Added ignorance;;;;;
Alan;r1491254;Monday;;;13/07/2015;July;11:32:02;;;1;1;icon renamed as ic_launcher.png;;;;;
Jimmy;r1491229;Monday;;;13/07/2015;July;11:03:48;;;1;1;Added configuration for web auth; plan management and logout;;;;
Thomas;r1491146;Monday;;;13/07/2015;July;09:21:48;;;1;1;Rename folder;;;;;
;;;;;;;;;;;422;;;;;;
